Currency_code,Country
AFN,Afghanistan
ALL,Albania
DZD,Algeria
USD,American Samoa
EUR,Andorra
AOA,Angola
XCD,Anguilla
,Antarctica
XCD,Antigua And Barbuda
ARS,Argentina
AMD,Armenia
AWG,Aruba
AUD,Australia
EUR,Austria
AZN,Azerbaijan
BSD,Bahamas (The)
BHD,Bahrain
BDT,Bangladesh
BBD,Barbados
BYN,Belarus
EUR,Belgium
BZD,Belize
XOF,Benin
BMD,Bermuda
BTN,Bhutan
INR,Bhutan
BOB,Bolivia (Plurinational State Of)
BOV,Bolivia (Plurinational State Of)
USD,"Bonaire, Sint Eustatius And Saba"
BAM,Bosnia And Herzegovina
BWP,Botswana
NOK,Bouvet Island
BRL,Brazil
USD,British Indian Ocean Territory (The)
BND,Brunei Darussalam
BGN,Bulgaria
XOF,Burkina Faso
BIF,Burundi
CVE,Cabo Verde
KHR,Cambodia
XAF,Cameroon
CAD,Canada
KYD,Cayman Islands (The)
XAF,Central African Republic (The)
XAF,Chad
CLF,Chile
CLP,Chile
CNY,China
AUD,Christmas Island
AUD,Cocos (Keeling) Islands (The)
COP,Colombia
COU,Colombia
KMF,Comoros (The)
CDF,Congo (The Democratic Republic Of The)
XAF,Congo (The)
NZD,Cook Islands (The)
CRC,Costa Rica
HRK,Croatia
CUC,Cuba
CUP,Cuba
ANG,Curaçao
EUR,Cyprus
CZK,Czech Republic (The)
XOF,Côte D'Ivoire
DKK,Denmark
DJF,Djibouti
XCD,Dominica
DOP,Dominican Republic (The)
USD,Ecuador
EGP,Egypt
SVC,El Salvador
USD,El Salvador
XAF,Equatorial Guinea
ERN,Eritrea
EUR,Estonia
ETB,Ethiopia
EUR,European Union
FKP,Falkland Islands (The) [Malvinas]
DKK,Faroe Islands (The)
FJD,Fiji
EUR,Finland
EUR,France
EUR,French Guiana
XPF,French Polynesia
EUR,French Southern Territories (The)
XAF,Gabon
GMD,Gambia (The)
GEL,Georgia
EUR,Germany
GHS,Ghana
GIP,Gibraltar
EUR,Greece
DKK,Greenland
XCD,Grenada
EUR,Guadeloupe
USD,Guam
GTQ,Guatemala
GBP,Guernsey
GNF,Guinea
XOF,Guinea-Bissau
GYD,Guyana
HTG,Haiti
USD,Haiti
AUD,Heard Island And Mcdonald Islands
EUR,Holy See (The)
HNL,Honduras
HKD,Hong Kong
HUF,Hungary
ISK,Iceland
INR,India
IDR,Indonesia
XDR,International Monetary Fund (Imf) 
IRR,Iran (Islamic Republic Of)
IQD,Iraq
EUR,Ireland
GBP,Isle Of Man
ILS,Israel
EUR,Italy
JMD,Jamaica
JPY,Japan
GBP,Jersey
JOD,Jordan
KZT,Kazakhstan
KES,Kenya
AUD,Kiribati
KPW,Korea (The Democratic People’S Republic Of)
KRW,Korea (The Republic Of)
KWD,Kuwait
KGS,Kyrgyzstan
LAK,Lao People’S Democratic Republic (The)
EUR,Latvia
LBP,Lebanon
LSL,Lesotho
ZAR,Lesotho
LRD,Liberia
LYD,Libya
CHF,Liechtenstein
EUR,Lithuania
EUR,Luxembourg
MOP,Macao
MGA,Madagascar
MWK,Malawi
MYR,Malaysia
MVR,Maldives
XOF,Mali
EUR,Malta
USD,Marshall Islands (The)
EUR,Martinique
MRU,Mauritania
MUR,Mauritius
EUR,Mayotte
XUA,Member Countries Of The African Development Bank Group
MXN,Mexico
MXV,Mexico
USD,Micronesia (Federated States Of)
MDL,Moldova (The Republic Of)
EUR,Monaco
MNT,Mongolia
EUR,Montenegro
XCD,Montserrat
MAD,Morocco
MZN,Mozambique
MMK,Myanmar
NAD,Namibia
ZAR,Namibia
AUD,Nauru
NPR,Nepal
EUR,Netherlands (The)
XPF,New Caledonia
NZD,New Zealand
NIO,Nicaragua
XOF,Niger (The)
NGN,Nigeria
NZD,Niue
AUD,Norfolk Island
USD,Northern Mariana Islands (The)
NOK,Norway
OMR,Oman
PKR,Pakistan
USD,Palau
,"Palestine, State Of"
PAB,Panama
USD,Panama
PGK,Papua New Guinea
PYG,Paraguay
PEN,Peru
PHP,Philippines (The)
NZD,Pitcairn
PLN,Poland
EUR,Portugal
USD,Puerto Rico
QAR,Qatar
MKD,Republic Of North Macedonia
RON,Romania
RUB,Russian Federation (The)
RWF,Rwanda
EUR,Réunion
EUR,Saint Barthélemy
SHP,"Saint Helena, Ascension And Tristan Da Cunha"
XCD,Saint Kitts And Nevis
XCD,Saint Lucia
EUR,Saint Martin (French Part)
EUR,Saint Pierre And Miquelon
XCD,Saint Vincent And The Grenadines
WST,Samoa
EUR,San Marino
STN,Sao Tome And Principe
SAR,Saudi Arabia
XOF,Senegal
RSD,Serbia
SCR,Seychelles
SLE,Sierra Leone
SGD,Singapore
ANG,Sint Maarten (Dutch Part)
XSU,"Sistema Unitario De Compensacion Regional De Pagos ""Sucre"""
EUR,Slovakia
EUR,Slovenia
SBD,Solomon Islands
SOS,Somalia
ZAR,South Africa
,South Georgia And The South Sandwich Islands
SSP,South Sudan
EUR,Spain
LKR,Sri Lanka
SDG,Sudan (The)
SRD,Suriname
NOK,Svalbard And Jan Mayen
SZL,Swaziland
SEK,Sweden
CHE,Switzerland
CHF,Switzerland
CHW,Switzerland
SYP,Syrian Arab Republic
TWD,Taiwan (Province Of China)
TJS,Tajikistan
TZS,"Tanzania, United Republic Of"
THB,Thailand
USD,Timor-Leste
XOF,Togo
NZD,Tokelau
TOP,Tonga
TTD,Trinidad And Tobago
TND,Tunisia
TRY,Turkey
TMT,Turkmenistan
USD,Turks And Caicos Islands (The)
AUD,Tuvalu
UGX,Uganda
UAH,Ukraine
AED,United Arab Emirates (The)
GBP,United Kingdom Of Great Britain And Northern Ireland (The)
USD,United States Minor Outlying Islands (The)
USD,United States Of America (The)
USN,United States Of America (The)
UYI,Uruguay
UYU,Uruguay
UZS,Uzbekistan
VUV,Vanuatu
VEF,Venezuela (Bolivarian Republic Of)
VED,Venezuela (Bolivarian Republic Of)
VND,Viet Nam
USD,Virgin Islands (British)
USD,Virgin Islands (U.S.)
XPF,Wallis And Futuna
MAD,Western Sahara
YER,Yemen
ZMW,Zambia
ZWL,Zimbabwe
EUR,Åland Islands
